"","habitat","tail.spines"
"Ablepharus_budaki","non-saxicolous","non-spiny"
"Abronia_anzuetoi","non-saxicolous","non-spiny"
"Abronia_frosti","non-saxicolous","non-spiny"
"Acanthodactylus_aureus","non-saxicolous","non-spiny"
"Acanthodactylus_opheodurus","non-saxicolous","non-spiny"
"Acanthodactylus_pardalis","non-saxicolous","non-spiny"
"Acanthodactylus_scutellatus","non-saxicolous","non-spiny"
"Acanthophis_praelongus","non-saxicolous","non-spiny"
"Acanthosaura_crucigera","non-saxicolous","non-spiny"
"Acontias_breviceps","non-saxicolous","non-spiny"
"Acontias_percivali","non-saxicolous","non-spiny"
"Acontias_plumbeus","non-saxicolous","non-spiny"
"Acrochordus_arafurae","non-saxicolous","non-spiny"
"Agama_boulengeri","saxicolous","non-spiny"
"Agama_caudospinosa","saxicolous","spiny"
"Agama_gracilimembris","non-saxicolous","non-spiny"
"Agama_lionotus","saxicolous","non-spiny"
"Agama_mwanzae","saxicolous","spiny"
"Agama_rueppelli","saxicolous","spiny"
"Agama_sankaranica","non-saxicolous","non-spiny"
"Agama_weidholzi","non-saxicolous","non-spiny"
"Ahaetulla_fronticincta","non-saxicolous","non-spiny"
"Aipysurus_eydouxii","non-saxicolous","non-spiny"
"Aipysurus_fuscus","non-saxicolous","non-spiny"
"Alsophis_anomalus","non-saxicolous","non-spiny"
"Alsophis_antiguae","non-saxicolous","non-spiny"
"Alsophis_antillensis","non-saxicolous","non-spiny"
"Alsophis_cantherigerus","non-saxicolous","non-spiny"
"Amblyodipsas_polylepis","non-saxicolous","non-spiny"
"Amblyrhynchus_cristatus","non-saxicolous","non-spiny"
"Ameiva_ameiva","non-saxicolous","non-spiny"
"Ameiva_chrysolaema","non-saxicolous","non-spiny"
"Ameiva_erythrocephala","non-saxicolous","non-spiny"
"Ameiva_exsul","non-saxicolous","non-spiny"
"Ameiva_festiva","non-saxicolous","non-spiny"
"Ameiva_lineolata","non-saxicolous","non-spiny"
"Amphiesma_sauteri","non-saxicolous","non-spiny"
"Amphiglossus_astrolabi","non-saxicolous","non-spiny"
"Amphiglossus_punctatus","non-saxicolous","non-spiny"
"Amphisbaena_barbouri","non-saxicolous","non-spiny"
"Amphisbaena_darwini","non-saxicolous","non-spiny"
"Amphisbaena_ignatiana","non-saxicolous","non-spiny"
"Amphisbaena_mertensii","non-saxicolous","non-spiny"
"Anilius_scytale","non-saxicolous","non-spiny"
"Anniella_geronimensis","non-saxicolous","non-spiny"
"Anolis_aeneus","non-saxicolous","non-spiny"
"Anolis_agassizi","non-saxicolous","non-spiny"
"Anolis_annectens","non-saxicolous","non-spiny"
"Anolis_biporcatus","non-saxicolous","non-spiny"
"Anolis_bombiceps","non-saxicolous","non-spiny"
"Anolis_brevirostris","non-saxicolous","non-spiny"
"Anolis_centralis","non-saxicolous","non-spiny"
"Anolis_chlorocyanus","non-saxicolous","non-spiny"
"Anolis_clivicola","non-saxicolous","non-spiny"
"Anolis_coelestinus","non-saxicolous","non-spiny"
"Anolis_crassulus","non-saxicolous","non-spiny"
"Anolis_cuvieri","non-saxicolous","non-spiny"
"Anolis_etheridgei","non-saxicolous","non-spiny"
"Anolis_festae","non-saxicolous","non-spiny"
"Anolis_fuscoauratus","non-saxicolous","non-spiny"
"Anolis_gingivinus","non-saxicolous","non-spiny"
"Anolis_humilis","non-saxicolous","non-spiny"
"Anolis_insignis","non-saxicolous","non-spiny"
"Anolis_isolepis","non-saxicolous","non-spiny"
"Anolis_krugi","non-saxicolous","non-spiny"
"Anolis_lineatopus","non-saxicolous","non-spiny"
"Anolis_macilentus","non-saxicolous","non-spiny"
"Anolis_maynardi","non-saxicolous","non-spiny"
"Anolis_mestrei","non-saxicolous","non-spiny"
"Anolis_ocelloscapularis","non-saxicolous","non-spiny"
"Anolis_oxylophus","non-saxicolous","non-spiny"
"Anolis_peraccae","non-saxicolous","non-spiny"
"Anolis_polyrhachis","non-saxicolous","non-spiny"
"Anolis_sabanus","non-saxicolous","non-spiny"
"Anolis_scriptus","non-saxicolous","non-spiny"
"Anolis_tigrinus","non-saxicolous","non-spiny"
"Anolis_trinitatis","non-saxicolous","non-spiny"
"Anolis_tropidonotus","non-saxicolous","non-spiny"
"Anolis_utilensis","non-saxicolous","non-spiny"
"Anolis_vanzolinii","non-saxicolous","non-spiny"
"Anolis_ventrimaculatus","non-saxicolous","non-spiny"
"Anolis_wattsi","non-saxicolous","non-spiny"
"Antaresia_childreni","non-saxicolous","non-spiny"
"Aparallactus_capensis","non-saxicolous","non-spiny"
"Aprasia_repens","non-saxicolous","non-spiny"
"Aprasia_striolata","non-saxicolous","non-spiny"
"Arrhyton_dolichura","non-saxicolous","non-spiny"
"Arrhyton_supernum","non-saxicolous","non-spiny"
"Asaccus_platyrhynchus","non-saxicolous","non-spiny"
"Aspidoscelis_burti","non-saxicolous","non-spiny"
"Aspidura_guentheri","non-saxicolous","non-spiny"
"Aspidura_trachyprocta","non-saxicolous","non-spiny"
"Atheris_ceratophora","non-saxicolous","non-spiny"
"Atropoides_nummifer","non-saxicolous","non-spiny"
"Austrotyphlops_ganei","non-saxicolous","non-spiny"
"Austrotyphlops_leptosomus","non-saxicolous","non-spiny"
"Bachia_huallagana","non-saxicolous","non-spiny"
"Bachia_scolecoides","non-saxicolous","non-spiny"
"Bachia_trisanale","non-saxicolous","non-spiny"
"Bavayia_geitaina","non-saxicolous","non-spiny"
"Bavayia_goroensis","non-saxicolous","non-spiny"
"Bavayia_ornata","non-saxicolous","non-spiny"
"Bellatorias_major","non-saxicolous","non-spiny"
"Bitis_peringueyi","non-saxicolous","non-spiny"
"Bogertophis_rosaliae","non-saxicolous","non-spiny"
"Bothriechis_schlegelii","non-saxicolous","non-spiny"
"Bothrochilus_boa","non-saxicolous","non-spiny"
"Bothrops_diporus","non-saxicolous","non-spiny"
"Bothrops_insularis","non-saxicolous","non-spiny"
"Bothrops_itapetiningae","non-saxicolous","non-spiny"
"Bothrops_leucurus","non-saxicolous","non-spiny"
"Brachymeles_boulengeri","non-saxicolous","non-spiny"
"Brachymeles_pathfinderi","non-saxicolous","non-spiny"
"Brachyophidium_rhodogaster","non-saxicolous","non-spiny"
"Bradypodion_melanocephalum","non-saxicolous","non-spiny"
"Bradypodion_pumilum","non-saxicolous","non-spiny"
"Bradypodion_taeniabronchum","non-saxicolous","non-spiny"
"Brookesia_brygooi","non-saxicolous","non-spiny"
"Brookesia_ebenaui","non-saxicolous","non-spiny"
"Brookesia_karchei","non-saxicolous","non-spiny"
"Brookesia_lineata","non-saxicolous","non-spiny"
"Brookesia_peyrierasi","non-saxicolous","non-spiny"
"Brookesia_stumpffi","non-saxicolous","non-spiny"
"Brookesia_superciliaris","non-saxicolous","non-spiny"
"Brookesia_thieli","non-saxicolous","non-spiny"
"Brookesia_valerieae","non-saxicolous","non-spiny"
"Calotes_emma","non-saxicolous","non-spiny"
"Calumma_boettgeri","non-saxicolous","non-spiny"
"Calumma_crypticum","non-saxicolous","non-spiny"
"Calumma_cucullatum","non-saxicolous","non-spiny"
"Calumma_oshaughnessyi","non-saxicolous","non-spiny"
"Calyptommatus_nicterus","non-saxicolous","non-spiny"
"Calyptotis_scutirostrum","non-saxicolous","non-spiny"
"Carlia_amax","non-saxicolous","non-spiny"
"Carlia_munda","non-saxicolous","non-spiny"
"Carlia_rubrigularis","non-saxicolous","non-spiny"
"Carlia_vivax","non-saxicolous","non-spiny"
"Carphophis_amoenus","non-saxicolous","non-spiny"
"Causus_rhombeatus","non-saxicolous","non-spiny"
"Ceratophora_aspera","non-saxicolous","non-spiny"
"Cercosaura_ocellata","non-saxicolous","non-spiny"
"Cerrophidion_petlalcalensis","non-saxicolous","non-spiny"
"Cerrophidion_tzotzilorum","non-saxicolous","non-spiny"
"Chalcides_chalcides","non-saxicolous","non-spiny"
"Chalcides_mauritanicus","non-saxicolous","non-spiny"
"Chalcides_montanus","non-saxicolous","non-spiny"
"Chalcides_sepsoides","non-saxicolous","non-spiny"
"Chalcides_sexlineatus","non-saxicolous","non-spiny"
"Chalcides_viridanus","non-saxicolous","non-spiny"
"Chamaeleo_balebicornutus","non-saxicolous","non-spiny"
"Chamaeleo_ellioti","non-saxicolous","non-spiny"
"Chamaeleo_jacksonii","non-saxicolous","non-spiny"
"Chamaeleo_narraioca","non-saxicolous","non-spiny"
"Chamaeleo_necasi","non-saxicolous","non-spiny"
"Chamaeleo_pfefferi","non-saxicolous","non-spiny"
"Chilomeniscus_stramineus","non-saxicolous","non-spiny"
"Chioninia_stangeri","non-saxicolous","non-spiny"
"Chioninia_vaillantii","non-saxicolous","non-spiny"
"Chironius_scurrulus","non-saxicolous","non-spiny"
"Compsophis_albiventris","non-saxicolous","non-spiny"
"Compsophis_laphystius","non-saxicolous","non-spiny"
"Coniophanes_fissidens","non-saxicolous","non-spiny"
"Contia_tenuis","non-saxicolous","non-spiny"
"Corallus_hortulanus","non-saxicolous","non-spiny"
"Cordylus_aridus","saxicolous","spiny"
"Cordylus_beraduccii","saxicolous","spiny"
"Cordylus_campbelli","saxicolous","spiny"
"Cordylus_capensis","saxicolous","spiny"
"Cordylus_cataphractus","saxicolous","spiny"
"Cordylus_coeruleopunctatus","saxicolous","spiny"
"Cordylus_cordylus","saxicolous","spiny"
"Cordylus_giganteus","non-saxicolous","spiny"
"Cordylus_imkeae","saxicolous","spiny"
"Cordylus_jonesii","non-saxicolous","spiny"
"Cordylus_jordani","saxicolous","spiny"
"Cordylus_langi","saxicolous","spiny"
"Cordylus_lawrenci","saxicolous","spiny"
"Cordylus_macropholis","saxicolous","spiny"
"Cordylus_mclachlani","saxicolous","spiny"
"Cordylus_meculae","saxicolous","spiny"
"Cordylus_melanotus","saxicolous","spiny"
"Cordylus_microlepidotus","saxicolous","spiny"
"Cordylus_minor","saxicolous","spiny"
"Cordylus_namaquensis","saxicolous","spiny"
"Cordylus_nebulosus","saxicolous","spiny"
"Cordylus_niger","saxicolous","spiny"
"Cordylus_oelofseni","saxicolous","spiny"
"Cordylus_peersi","saxicolous","spiny"
"Cordylus_polyzonus","saxicolous","spiny"
"Cordylus_pustulatus","saxicolous","spiny"
"Cordylus_rhodesianus","saxicolous","spiny"
"Cordylus_spinosus","saxicolous","spiny"
"Cordylus_tropidosternum","non-saxicolous","spiny"
"Cordylus_ukingensis","saxicolous","spiny"
"Cordylus_vittifer","saxicolous","spiny"
"Cordylus_warreni","saxicolous","spiny"
"Crotalus_molossus","non-saxicolous","non-spiny"
"Crotalus_viridis","non-saxicolous","non-spiny"
"Crotaphytus_antiquus","saxicolous","non-spiny"
"Cryptoblepharus_boutonii","non-saxicolous","non-spiny"
"Ctenophorus_femoralis","non-saxicolous","non-spiny"
"Ctenophorus_maculosus","non-saxicolous","non-spiny"
"Ctenophorus_ornatus","non-saxicolous","non-spiny"
"Ctenophorus_pictus","non-saxicolous","non-spiny"
"Ctenophorus_rufescens","non-saxicolous","non-spiny"
"Ctenophorus_scutulatus","non-saxicolous","non-spiny"
"Ctenosaura_acanthura","non-saxicolous","spiny"
"Ctenosaura_bakeri","non-saxicolous","spiny"
"Ctenosaura_flavidorsalis","saxicolous","spiny"
"Ctenosaura_hemilopha","saxicolous","spiny"
"Ctenosaura_melanosterna","non-saxicolous","spiny"
"Ctenosaura_oaxacana","non-saxicolous","spiny"
"Ctenosaura_oedirhina","non-saxicolous","spiny"
"Ctenosaura_palearis","non-saxicolous","spiny"
"Ctenosaura_pectinata","non-saxicolous","spiny"
"Ctenosaura_quinquecarinata","non-saxicolous","spiny"
"Ctenosaura_similis","non-saxicolous","spiny"
"Ctenotus_angusticeps","non-saxicolous","non-spiny"
"Ctenotus_brooksi","non-saxicolous","non-spiny"
"Ctenotus_hilli","non-saxicolous","non-spiny"
"Ctenotus_quattuordecimlineatus","non-saxicolous","non-spiny"
"Ctenotus_rawlinsoni","non-saxicolous","non-spiny"
"Ctenotus_taeniolatus","non-saxicolous","non-spiny"
"Ctenotus_youngsoni","non-saxicolous","non-spiny"
"Cyclodina_ornata","non-saxicolous","non-spiny"
"Cyclodina_townsi","non-saxicolous","non-spiny"
"Cyclura_cornuta","non-saxicolous","non-spiny"
"Cyrtodactylus_ayeyarwadyensis","non-saxicolous","non-spiny"
"Cyrtopodion_spinicaudum","non-saxicolous","non-spiny"
"Dalmatolacerta_oxycephala","saxicolous","non-spiny"
"Darevskia_bendimahiensis","saxicolous","non-spiny"
"Darevskia_portschinskii","saxicolous","non-spiny"
"Darevskia_praticola","non-saxicolous","non-spiny"
"Darevskia_raddei","saxicolous","non-spiny"
"Darlingtonia_haetiana","non-saxicolous","non-spiny"
"Dasypeltis_fasciata","non-saxicolous","non-spiny"
"Dibamus_greeri","non-saxicolous","non-spiny"
"Dierogekko_inexpectatus","non-saxicolous","non-spiny"
"Dierogekko_nehoueensis","non-saxicolous","non-spiny"
"Dierogekko_poumensis","non-saxicolous","non-spiny"
"Dinodon_semicarinatum","non-saxicolous","non-spiny"
"Diplodactylus_capensis","non-saxicolous","non-spiny"
"Diplodactylus_fulleri","non-saxicolous","non-spiny"
"Diplodactylus_tessellatus","non-saxicolous","non-spiny"
"Diplodactylus_vittatus","non-saxicolous","non-spiny"
"Diploglossus_bilobatus","non-saxicolous","non-spiny"
"Diplometopon_zarudnyi","non-saxicolous","non-spiny"
"Diporiphora_arnhemica","non-saxicolous","non-spiny"
"Diporiphora_pindan","non-saxicolous","non-spiny"
"Diporiphora_superba","non-saxicolous","non-spiny"
"Ditypophis_vivax","non-saxicolous","non-spiny"
"Dixonius_vietnamensis","non-saxicolous","non-spiny"
"Dolichophis_schmidti","non-saxicolous","non-spiny"
"Draco_boschmai","non-saxicolous","non-spiny"
"Draco_cornutus","non-saxicolous","non-spiny"
"Draco_dussumieri","non-saxicolous","non-spiny"
"Draco_haematopogon","non-saxicolous","non-spiny"
"Draco_maculatus","non-saxicolous","non-spiny"
"Draco_obscurus","non-saxicolous","non-spiny"
"Draco_reticulatus","non-saxicolous","non-spiny"
"Drysdalia_coronoides","non-saxicolous","non-spiny"
"Drysdalia_mastersii","non-saxicolous","non-spiny"
"Echinanthera_undulata","non-saxicolous","non-spiny"
"Echis_coloratus","non-saxicolous","non-spiny"
"Egernia_depressa","non-saxicolous","spiny"
"Egernia_hosmeri","saxicolous","spiny"
"Egernia_luctuosa","non-saxicolous","non-spiny"
"Egernia_modesta","saxicolous","non-spiny"
"Egernia_montana","saxicolous","non-spiny"
"Egernia_saxatilis","non-saxicolous","non-spiny"
"Egernia_stokesii","saxicolous","spiny"
"Egernia_striata","non-saxicolous","non-spiny"
"Eirenis_aurolineatus","non-saxicolous","non-spiny"
"Eirenis_thospitis","non-saxicolous","non-spiny"
"Elaphe_rufodorsata","non-saxicolous","non-spiny"
"Elgaria_kingii","non-saxicolous","non-spiny"
"Emoia_isolata","non-saxicolous","non-spiny"
"Emoia_physicae","non-saxicolous","non-spiny"
"Emoia_pseudocyanura","non-saxicolous","non-spiny"
"Emydocephalus_annulatus","non-saxicolous","non-spiny"
"Eremias_montanus","non-saxicolous","non-spiny"
"Eryx_tataricus","non-saxicolous","non-spiny"
"Eublepharis_macularius","non-saxicolous","non-spiny"
"Eugongylus_albofasciolatus","non-saxicolous","non-spiny"
"Eulamprus_brachyosoma","saxicolous","non-spiny"
"Eulamprus_luteilateralis","non-saxicolous","non-spiny"
"Eulamprus_tenuis","saxicolous","non-spiny"
"Eulamprus_tympanum","saxicolous","non-spiny"
"Euleptes_europaea","saxicolous","non-spiny"
"Eumeces_schneideri","non-saxicolous","non-spiny"
"Euprepiophis_mandarina","non-saxicolous","non-spiny"
"Eurydactylodes_symmetricus","non-saxicolous","non-spiny"
"Eutropis_macularia","non-saxicolous","non-spiny"
"Exiliboa_placata","non-saxicolous","non-spiny"
"Farancia_abacura","non-saxicolous","non-spiny"
"Ficimia_streckeri","non-saxicolous","non-spiny"
"Furcifer_angeli","non-saxicolous","non-spiny"
"Furcifer_cephalolepis","non-saxicolous","non-spiny"
"Furcifer_minor","non-saxicolous","non-spiny"
"Furcifer_verrucosus","non-saxicolous","non-spiny"
"Furina_diadema","non-saxicolous","non-spiny"
"Furina_ornata","non-saxicolous","non-spiny"
"Gallotia_atlantica","non-saxicolous","non-spiny"
"Gallotia_gomerana","non-saxicolous","non-spiny"
"Gambelia_sila","non-saxicolous","non-spiny"
"Gastropholis_prasina","non-saxicolous","non-spiny"
"Gehyra_koira","saxicolous","non-spiny"
"Gehyra_minuta","saxicolous","non-spiny"
"Gehyra_occidentalis","saxicolous","non-spiny"
"Gekko_romblon","non-saxicolous","non-spiny"
"Gekko_smithii","non-saxicolous","non-spiny"
"Geocalamus_acutus","non-saxicolous","non-spiny"
"Geophis_carinosus","non-saxicolous","non-spiny"
"Gerrhosaurus_nigrolineatus","non-saxicolous","non-spiny"
"Gerrhosaurus_skoogi","non-saxicolous","non-spiny"
"Gloydius_shedaoensis","non-saxicolous","non-spiny"
"Gonatodes_albogularis","saxicolous","non-spiny"
"Gonatodes_daudini","non-saxicolous","non-spiny"
"Gonocephalus_grandis","non-saxicolous","non-spiny"
"Gonyosoma_oxycephalum","non-saxicolous","non-spiny"
"Helicops_angulatus","non-saxicolous","non-spiny"
"Helicops_gomesi","non-saxicolous","non-spiny"
"Hemidactylus_bouvieri","non-saxicolous","non-spiny"
"Hemidactylus_forbesii","non-saxicolous","non-spiny"
"Hemidactylus_homoeolepis","non-saxicolous","non-spiny"
"Hemidactylus_oxyrhinus","non-saxicolous","non-spiny"
"Hemidactylus_turcicus","non-saxicolous","non-spiny"
"Hemiergis_quadrilineatum","non-saxicolous","non-spiny"
"Heterodon_simus","non-saxicolous","non-spiny"
"Heteronotia_binoei","non-saxicolous","non-spiny"
"Holbrookia_lacerata","non-saxicolous","non-spiny"
"Holbrookia_propinqua","non-saxicolous","non-spiny"
"Homonota_fasciata","non-saxicolous","non-spiny"
"Homoroselaps_lacteus","non-saxicolous","non-spiny"
"Hydrophis_lapemoides","non-saxicolous","non-spiny"
"Hydrophis_macdowelli","non-saxicolous","non-spiny"
"Hydrophis_melanocephalus","non-saxicolous","non-spiny"
"Hydrophis_ornatus","non-saxicolous","non-spiny"
"Hypsiglena_torquata","non-saxicolous","non-spiny"
"Hypsilurus_bruijnii","non-saxicolous","non-spiny"
"Hypsilurus_papuensis","non-saxicolous","non-spiny"
"Iberolacerta_aranica","saxicolous","non-spiny"
"Iguana_delicatissima","non-saxicolous","non-spiny"
"Iranolacerta_zagrosica","non-saxicolous","non-spiny"
"Ithycyphus_oursi","non-saxicolous","non-spiny"
"Japalura_variegata","saxicolous","non-spiny"
"Kinyongia_vosseleri","non-saxicolous","non-spiny"
"Lacerta_schreiberi","non-saxicolous","non-spiny"
"Lamprolepis_smaragdina","non-saxicolous","non-spiny"
"Lampropeltis_triangulum","non-saxicolous","non-spiny"
"Lampropeltis_webbi","non-saxicolous","non-spiny"
"Langaha_madagascariensis","non-saxicolous","non-spiny"
"Laudakia_caucasia","saxicolous","spiny"
"Laudakia_erythrogastra","non-saxicolous","spiny"
"Laudakia_himalayana","non-saxicolous","spiny"
"Laudakia_microlepis","non-saxicolous","spiny"
"Laudakia_nupta","saxicolous","spiny"
"Laudakia_sacra","saxicolous","spiny"
"Laudakia_stellio","saxicolous","spiny"
"Laudakia_stoliczkana","saxicolous","spiny"
"Laudakia_tuberculata","saxicolous","spiny"
"Leiocephalus_barahonensis","non-saxicolous","non-spiny"
"Leiocephalus_schreibersii","non-saxicolous","non-spiny"
"Lepidodactylus_orientalis","non-saxicolous","non-spiny"
"Lepidophyma_smithii","saxicolous","non-spiny"
"Leposoma_baturitensis","non-saxicolous","non-spiny"
"Leposoma_osvaldoi","non-saxicolous","non-spiny"
"Leposoma_percarinatum","non-saxicolous","non-spiny"
"Leposoma_southi","non-saxicolous","non-spiny"
"Leptodeira_maculata","non-saxicolous","non-spiny"
"Leptotyphlops_adleri","non-saxicolous","non-spiny"
"Leptotyphlops_algeriensis","non-saxicolous","non-spiny"
"Leptotyphlops_blanfordi","non-saxicolous","non-spiny"
"Leptotyphlops_macrolepis","non-saxicolous","non-spiny"
"Leptotyphlops_scutifrons","non-saxicolous","non-spiny"
"Lerista_bipes","non-saxicolous","non-spiny"
"Lerista_borealis","non-saxicolous","non-spiny"
"Lerista_bougainvillii","non-saxicolous","non-spiny"
"Lerista_connivens","non-saxicolous","non-spiny"
"Lerista_dorsalis","non-saxicolous","non-spiny"
"Lerista_ips","non-saxicolous","non-spiny"
"Lerista_macropisthopus","non-saxicolous","non-spiny"
"Lerista_microtis","non-saxicolous","non-spiny"
"Lerista_planiventralis","non-saxicolous","non-spiny"
"Lerista_taeniata","non-saxicolous","non-spiny"
"Lerista_uniduo","non-saxicolous","non-spiny"
"Lerista_wilkinsi","non-saxicolous","non-spiny"
"Lerista_xanthura","non-saxicolous","non-spiny"
"Lerista_zietzi","non-saxicolous","non-spiny"
"Lialis_jicari","non-saxicolous","non-spiny"
"Lichanura_trivirgata","non-saxicolous","non-spiny"
"Liolaemus_andinus","non-saxicolous","non-spiny"
"Liolaemus_atacamensis","non-saxicolous","non-spiny"
"Liolaemus_audituvelatus","non-saxicolous","non-spiny"
"Liolaemus_capillitas","saxicolous","non-spiny"
"Liolaemus_chiliensis","non-saxicolous","non-spiny"
"Liolaemus_dicktracy","saxicolous","spiny"
"Liolaemus_gravenhorstii","non-saxicolous","non-spiny"
"Liolaemus_grosseorum","non-saxicolous","non-spiny"
"Liolaemus_kingii","non-saxicolous","non-spiny"
"Liolaemus_monticola","non-saxicolous","non-spiny"
"Liolaemus_pseudolemniscatus","non-saxicolous","non-spiny"
"Liolaemus_quilmes","non-saxicolous","non-spiny"
"Liolaemus_reichei","non-saxicolous","non-spiny"
"Liolaemus_riojanus","non-saxicolous","non-spiny"
"Liolaemus_salinicola","non-saxicolous","spiny"
"Liolaemus_umbrifer","non-saxicolous","non-spiny"
"Liophis_jaegeri","non-saxicolous","non-spiny"
"Lophognathus_gilberti","non-saxicolous","non-spiny"
"Luperosaurus_iskandari","non-saxicolous","non-spiny"
"Luperosaurus_joloensis","non-saxicolous","non-spiny"
"Lycodon_capucinus","non-saxicolous","non-spiny"
"Lycophidion_ornatum","non-saxicolous","non-spiny"
"Lygisaurus_abscondita","non-saxicolous","non-spiny"
"Lygisaurus_foliorum","non-saxicolous","non-spiny"
"Lygisaurus_tanneri","non-saxicolous","non-spiny"
"Lygodactylus_blancae","non-saxicolous","non-spiny"
"Lygodactylus_expectatus","non-saxicolous","non-spiny"
"Lygodactylus_guibei","non-saxicolous","non-spiny"
"Lygodactylus_heterurus","non-saxicolous","non-spiny"
"Lygodactylus_tuberosus","non-saxicolous","non-spiny"
"Mabuya_mabouya","non-saxicolous","non-spiny"
"Mabuya_nigropunctata","non-saxicolous","non-spiny"
"Madagascarophis_colubrinus","non-saxicolous","non-spiny"
"Masticophis_taeniatus","non-saxicolous","non-spiny"
"Mastigodryas_melanolomus","non-saxicolous","non-spiny"
"Melanophidium_punctatum","non-saxicolous","non-spiny"
"Melanoseps_ater","non-saxicolous","non-spiny"
"Mesalina_balfouri","non-saxicolous","non-spiny"
"Microlophus_occipitalis","non-saxicolous","non-spiny"
"Moloch_horridus","non-saxicolous","spiny"
"Morelia_oenpelliensis","non-saxicolous","non-spiny"
"Morunasaurus_annularis","non-saxicolous","spiny"
"Myron_richardsonii","non-saxicolous","non-spiny"
"Nactus_pelagicus","non-saxicolous","non-spiny"
"Nannoscincus_garrulus","non-saxicolous","non-spiny"
"Nannoscincus_humectus","non-saxicolous","non-spiny"
"Nannoscincus_mariei","non-saxicolous","non-spiny"
"Naultinus_grayii","non-saxicolous","non-spiny"
"Naultinus_rudis","non-saxicolous","non-spiny"
"Naultinus_stellatus","non-saxicolous","non-spiny"
"Nephrurus_amyae","non-saxicolous","non-spiny"
"Nephrurus_levis","non-saxicolous","non-spiny"
"Nerodia_floridana","non-saxicolous","non-spiny"
"Nerodia_taxispilota","non-saxicolous","non-spiny"
"Oligodon_arnensis","non-saxicolous","non-spiny"
"Oligodon_formosanus","non-saxicolous","non-spiny"
"Oligosoma_grande","saxicolous","non-spiny"
"Oligosoma_homalonotum","non-saxicolous","non-spiny"
"Omanosaura_jayakari","non-saxicolous","non-spiny"
"Opisthotropis_latouchii","non-saxicolous","non-spiny"
"Oplurus_cuvieri","non-saxicolous","spiny"
"Oplurus_cyclurus","non-saxicolous","spiny"
"Oplurus_fierinensis","saxicolous","spiny"
"Oplurus_grandidieri","saxicolous","spiny"
"Oplurus_quadrimaculatus","saxicolous","spiny"
"Orraya_occultus","non-saxicolous","non-spiny"
"Oxybelis_aeneus","non-saxicolous","non-spiny"
"Oxyrhopus_clathratus","non-saxicolous","non-spiny"
"Pamelaescincus_gardineri","non-saxicolous","non-spiny"
"Pantherophis_bairdi","non-saxicolous","non-spiny"
"Paracontias_brocchii","non-saxicolous","non-spiny"
"Paracontias_manify","non-saxicolous","non-spiny"
"Paracontias_rothschildi","non-saxicolous","non-spiny"
"Paragehyra_gabriellae","saxicolous","non-spiny"
"Parias_hageni","non-saxicolous","non-spiny"
"Paroedura_homalorhina","saxicolous","non-spiny"
"Paroedura_tanjaka","non-saxicolous","non-spiny"
"Paroedura_vazimba","non-saxicolous","non-spiny"
"Pelamis_platura","non-saxicolous","non-spiny"
"Phelsuma_hielscheri","non-saxicolous","non-spiny"
"Phelsuma_klemmeri","non-saxicolous","non-spiny"
"Phelsuma_laticauda","non-saxicolous","non-spiny"
"Phelsuma_mutabilis","non-saxicolous","non-spiny"
"Phrynosoma_asio","non-saxicolous","spiny"
"Phrynosoma_blainvillii","non-saxicolous","spiny"
"Phrynosoma_cerroense","non-saxicolous","spiny"
"Phrynosoma_cornutum","non-saxicolous","non-spiny"
"Phrynosoma_coronatum","non-saxicolous","spiny"
"Phrynosoma_douglassii","non-saxicolous","spiny"
"Phrynosoma_hernandesi","non-saxicolous","spiny"
"Phrynosoma_mcallii","non-saxicolous","spiny"
"Phrynosoma_orbiculare","non-saxicolous","spiny"
"Phrynosoma_solare","non-saxicolous","spiny"
"Phyllodactylus_bugastrolepis","non-saxicolous","non-spiny"
"Phyllodactylus_xanti","saxicolous","non-spiny"
"Phymaturus_antofagastensis","saxicolous","spiny"
"Phymaturus_dorsimaculatus","saxicolous","spiny"
"Phymaturus_indistinctus","saxicolous","spiny"
"Phymaturus_mallimaccii","saxicolous","spiny"
"Phymaturus_palluma","saxicolous","spiny"
"Phymaturus_patagonicus","saxicolous","spiny"
"Phymaturus_punae","saxicolous","spiny"
"Phymaturus_somuncurensis","saxicolous","spiny"
"Physignathus_lesueurii","non-saxicolous","non-spiny"
"Platysaurus_intermedius","saxicolous","non-spiny"
"Plestiodon_brevirostris","non-saxicolous","non-spiny"
"Plestiodon_dugesii","non-saxicolous","non-spiny"
"Plestiodon_inexpectatus","non-saxicolous","non-spiny"
"Plestiodon_skiltonianus","non-saxicolous","non-spiny"
"Podarcis_bocagei","non-saxicolous","non-spiny"
"Polemon_acanthias","non-saxicolous","non-spiny"
"Pristidactylus_scapulatus","non-saxicolous","non-spiny"
"Pristurus_minimus","non-saxicolous","non-spiny"
"Protobothrops_cornutus","non-saxicolous","non-spiny"
"Psammophis_angolensis","non-saxicolous","non-spiny"
"Psammophis_orientalis","non-saxicolous","non-spiny"
"Psammophis_sudanensis","non-saxicolous","non-spiny"
"Pseudemoia_pagenstecheri","non-saxicolous","non-spiny"
"Pseudoboa_coronata","non-saxicolous","non-spiny"
"Quedenfeldtia_trachyblepharus","saxicolous","non-spiny"
"Rhacodactylus_sarasinorum","non-saxicolous","non-spiny"
"Rhadinaea_flavilata","non-saxicolous","non-spiny"
"Rhadinophis_prasina","non-saxicolous","non-spiny"
"Rhamphiophis_oxyrhynchus","non-saxicolous","non-spiny"
"Rhampholeon_acuminatus","non-saxicolous","non-spiny"
"Rhampholeon_beraduccii","non-saxicolous","non-spiny"
"Rhampholeon_spinosus","non-saxicolous","non-spiny"
"Rhampholeon_uluguruensis","non-saxicolous","non-spiny"
"Sceloporus_adleri","saxicolous","spiny"
"Sceloporus_aeneus","non-saxicolous","spiny"
"Sceloporus_bicanthalis","non-saxicolous","non-spiny"
"Sceloporus_bulleri","saxicolous","spiny"
"Sceloporus_carinatus","non-saxicolous","non-spiny"
"Sceloporus_chaneyi","non-saxicolous","spiny"
"Sceloporus_clarkii","non-saxicolous","non-spiny"
"Sceloporus_dugesii","saxicolous","spiny"
"Sceloporus_formosus","non-saxicolous","spiny"
"Sceloporus_goldmani","non-saxicolous","spiny"
"Sceloporus_graciosus","non-saxicolous","non-spiny"
"Sceloporus_horridus","non-saxicolous","spiny"
"Sceloporus_hunsakeri","saxicolous","spiny"
"Sceloporus_jarrovii","saxicolous","spiny"
"Sceloporus_licki","saxicolous","spiny"
"Sceloporus_lineatulus","non-saxicolous","spiny"
"Sceloporus_maculosus","saxicolous","spiny"
"Sceloporus_magister","non-saxicolous","spiny"
"Sceloporus_malachiticus","saxicolous","spiny"
"Sceloporus_melanorhinus","non-saxicolous","non-spiny"
"Sceloporus_merriami","saxicolous","non-spiny"
"Sceloporus_minor","saxicolous","spiny"
"Sceloporus_mucronatus","non-saxicolous","spiny"
"Sceloporus_nelsoni","non-saxicolous","non-spiny"
"Sceloporus_ochoterenae","saxicolous","spiny"
"Sceloporus_orcutti","saxicolous","spiny"
"Sceloporus_ornatus","non-saxicolous","spiny"
"Sceloporus_palaciosi","saxicolous","spiny"
"Sceloporus_poinsettii","saxicolous","spiny"
"Sceloporus_serrifer","saxicolous","spiny"
"Sceloporus_slevini","non-saxicolous","spiny"
"Sceloporus_spinosus","non-saxicolous","spiny"
"Sceloporus_torquatus","saxicolous","spiny"
"Sceloporus_utiformis","non-saxicolous","non-spiny"
"Sceloporus_variabilis","non-saxicolous","non-spiny"
"Simiscincus_aurantiacus","non-saxicolous","non-spiny"
"Sinonatrix_percarinata","non-saxicolous","non-spiny"
"Sistrurus_catenatus","non-saxicolous","non-spiny"
"Sphaerodactylus_goniorhynchus","non-saxicolous","non-spiny"
"Sphenomorphus_beyeri","non-saxicolous","non-spiny"
"Sphenomorphus_cumingi","non-saxicolous","non-spiny"
"Sphenomorphus_decipiens","non-saxicolous","non-spiny"
"Sphenomorphus_diwata","non-saxicolous","non-spiny"
"Sphenomorphus_jobiensis","non-saxicolous","non-spiny"
"Sphenomorphus_mindanensis","non-saxicolous","non-spiny"
"Stenocercus_angel","non-saxicolous","spiny"
"Stenocercus_apurimacus","saxicolous","spiny"
"Stenocercus_boettgeri","saxicolous","spiny"
"Stenocercus_chrysopygus","saxicolous","spiny"
"Stenocercus_crassicaudatus","saxicolous","non-spiny"
"Stenocercus_cupreus","saxicolous","spiny"
"Stenocercus_empetrus","saxicolous","spiny"
"Stenocercus_festae","non-saxicolous","spiny"
"Stenocercus_guentheri","saxicolous","spiny"
"Stenocercus_humeralis","saxicolous","spiny"
"Stenocercus_imitator","non-saxicolous","spiny"
"Stenocercus_marmoratus","saxicolous","spiny"
"Stenocercus_melanopygus","saxicolous","spiny"
"Stenocercus_ochoai","saxicolous","spiny"
"Stenocercus_orientalis","non-saxicolous","spiny"
"Stenocercus_ornatus","non-saxicolous","spiny"
"Stenocercus_puyango","saxicolous","spiny"
"Stenocercus_rhodomelas","saxicolous","spiny"
"Stenocercus_torquatus","non-saxicolous","spiny"
"Stenocercus_varius","saxicolous","spiny"
"Storeria_dekayi","non-saxicolous","non-spiny"
"Strophurus_intermedius","non-saxicolous","non-spiny"
"Strophurus_taeniatus","non-saxicolous","non-spiny"
"Strophurus_taenicauda","non-saxicolous","non-spiny"
"Taeniophallus_brevirostris","non-saxicolous","non-spiny"
"Tarentola_mindiae","non-saxicolous","non-spiny"
"Telescopus_fallax","non-saxicolous","non-spiny"
"Thamnophis_brachystoma","non-saxicolous","non-spiny"
"Thamnophis_butleri","non-saxicolous","non-spiny"
"Thamnophis_elegans","non-saxicolous","non-spiny"
"Thrasops_jacksonii","non-saxicolous","non-spiny"
"Tracheloptychus_petersi","non-saxicolous","non-spiny"
"Trachylepis_vittata","non-saxicolous","non-spiny"
"Trapelus_savignii","non-saxicolous","non-spiny"
"Tretanorhinus_nigroluteus","non-saxicolous","non-spiny"
"Tropidophorus_latiscutatus","saxicolous","non-spiny"
"Tropidurus_callathelys","saxicolous","spiny"
"Tropidurus_cocorobensis","non-saxicolous","spiny"
"Tropidurus_etheridgei","saxicolous","spiny"
"Tropidurus_hygomi","non-saxicolous","spiny"
"Tropidurus_insulanus","saxicolous","spiny"
"Tropidurus_itambere","saxicolous","spiny"
"Tropidurus_montanus","saxicolous","spiny"
"Tropidurus_mucujensis","saxicolous","spiny"
"Tropidurus_oreadicus","saxicolous","spiny"
"Tropidurus_spinulosus","saxicolous","spiny"
"Tympanocryptis_lineata","non-saxicolous","non-spiny"
"Tympanocryptis_uniformis","non-saxicolous","non-spiny"
"Typhlops_anchaurus","non-saxicolous","non-spiny"
"Typhlops_arenarius","non-saxicolous","non-spiny"
"Typhlops_capitulatus","non-saxicolous","non-spiny"
"Typhlops_congestus","non-saxicolous","non-spiny"
"Typhlops_contorhinus","non-saxicolous","non-spiny"
"Typhlops_elegans","non-saxicolous","non-spiny"
"Typhlops_lumbricalis","non-saxicolous","non-spiny"
"Typhlops_schwartzi","non-saxicolous","non-spiny"
"Typhlops_syntherus","non-saxicolous","non-spiny"
"Typhlosaurus_caecus","non-saxicolous","non-spiny"
"Typhlosaurus_meyeri","non-saxicolous","non-spiny"
"Uma_paraphygas","non-saxicolous","non-spiny"
"Uma_scoparia","non-saxicolous","non-spiny"
"Uracentron_flaviceps","non-saxicolous","spiny"
"Uromastyx_acanthinura","non-saxicolous","spiny"
"Uromastyx_aegyptia","saxicolous","spiny"
"Uromastyx_asmussi","non-saxicolous","spiny"
"Uromastyx_benti","saxicolous","spiny"
"Uromastyx_dispar","saxicolous","spiny"
"Uromastyx_geyri","saxicolous","spiny"
"Uromastyx_hardwickii","non-saxicolous","spiny"
"Uromastyx_loricata","non-saxicolous","spiny"
"Uromastyx_macfadyeni","non-saxicolous","spiny"
"Uromastyx_ocellata","saxicolous","spiny"
"Uromastyx_ornata","saxicolous","spiny"
"Uromastyx_princeps","saxicolous","spiny"
"Uromastyx_thomasi","non-saxicolous","spiny"
"Uromastyx_yemenensis","saxicolous","spiny"
"Uroplatus_guentheri","non-saxicolous","non-spiny"
"Urostrophus_gallardoi","non-saxicolous","non-spiny"
"Varanus_acanthurus","saxicolous","spiny"
"Varanus_baritji","saxicolous","spiny"
"Varanus_caudolineatus","non-saxicolous","non-spiny"
"Varanus_macraei","non-saxicolous","non-spiny"
"Varanus_primordius","saxicolous","spiny"
"Varanus_rainerguentheri","non-saxicolous","non-spiny"
"Varanus_salvator","non-saxicolous","non-spiny"
"Varanus_storri","saxicolous","spiny"
"Varanus_timorensis","non-saxicolous","non-spiny"
"Viridovipera_stejnegeri","non-saxicolous","non-spiny"
"Xantusia_riversiana","non-saxicolous","non-spiny"
"Xenopeltis_unicolor","non-saxicolous","non-spiny"
"Xenotyphlops_grandidieri","non-saxicolous","non-spiny"
"Zonosaurus_bemaraha","saxicolous","non-spiny"
"Zonosaurus_boettgeri","non-saxicolous","non-spiny"
"Zonosaurus_tsingy","saxicolous","non-spiny"
